<?xml version="1.0" encoding="UTF-8"?>
<beans xmlns="http://www.springframework.org/schema/beans"
	xmlns:xsi="http://www.w3.org/2001/XMLSchema-instance"
	xmlns:c="http://www.springframework.org/schema/c"
	xmlns:p="http://www.springframework.org/schema/p"
	xmlns:util="http://www.springframework.org/schema/util"
	xsi:schemaLocation="http://www.springframework.org/schema/beans http://www.springframework.org/schema/beans/spring-beans.xsd
		http://www.springframework.org/schema/util http://www.springframework.org/schema/util/spring-util-4.3.xsd">


	<util:map id="oracleDB" key-type="java.lang.String" value-type="java.lang.String">
		<entry key="PK_1" value="oracle 레코드1" />
		<entry key="PK_2" value="oracle 레코드2" />
		<entry key="PK_3" value="oracle 레코드3" />
	</util:map>
	
	<util:map id="postreDB" key-type="java.lang.String" value-type="java.lang.String">
		<entry key="PK_1" value="postre 레코드1" />
		<entry key="PK_2" value="postre 레코드2" />
		<entry key="PK_3" value="postre 레코드3" />
	</util:map>	
	
	
	
	
	
	
	
	

</beans>
