<?xml version="1.0" encoding="UTF-8"?>
<!DOCTYPE mapper PUBLIC "-//mybatis.org//DTD Mapper 3.0//EN" "http://mybatis.org/dtd/mybatis-3-mapper.dtd">
<mapper namespace="kr.or.ddit.memo.dao.MemoDAO">


	<select id="selectMemoList" resultType="MemoVO">
		SELECT  code, writer, content, "DATE"
		FROM   tbl_memo                        
	</select>
	
	<update id="updateMemo" parameterType="MemoVO">
		UPDATE tbl_memo
		SET            
		WRITER = #{writer},    
		CONTENT = #{content}    
		WHERE CODE = #{code}
	</update>
	
	<insert id="insertMemo" parameterType="MemoVO">
		 INSERT INTO tbl_memo (           
		 	 code,    writer,    content  
		 )VALUES( MEMO_SEQ.NEXTVAL , #{writer} , #{content} )
	</insert>
	
	<delete id="deleteMemo" parameterType="int"> <!--  MemoDAO.java에서 파라미터 값의 타입을 확인하면됨  -->
		DELETE FROM tbl_memo 
		WHERE CODE = #{code}
	</delete>

</mapper>
