<?xml version="1.0" encoding="UTF-8"?>
<!DOCTYPE mapper PUBLIC "-//mybatis.org//DTD Mapper 3.0//EN" "http://mybatis.org/dtd/mybatis-3-mapper.dtd">
<mapper namespace="kr.or.ddit.prod.dao.ProdDAO">


	<!-- resultMap="prodMap" == id="prodMap" -->
	<resultMap type="ProdVO" id="prodMap" autoMapping="true">
		<id property="prodId"  column="prod_id" /> 
		<association property="buyer" javaType="BuyerVO" autoMapping="true"></association><!-- 1:1 => BUYER_NAME,BUYER_ADD1, BUYER_CHARGER를 받을 수 있는 구조 완성 --> 
		<collection property="memberSet" ofType="MemberVO" autoMapping="true">
			<id property="memId"  column="MEM_ID" />
		
		</collection>
	</resultMap>


	<select id="selectProd" parameterType="string" resultMap="prodMap">
	WITH CARTVIEW AS (
	    SELECT CART_PROD
	        , MEM_ID, MEM_NAME, MEM_HP, MEM_MAIL, MEM_MILEAGE
	    FROM CART INNER JOIN MEMBER  ON (CART_MEMBER = MEM_ID)
	)
	select 
	        prod_id,  prod_name,    prod_lgu,
	        prod_buyer,  prod_cost,  prod_price,   prod_sale,   prod_outline, prod_detail,
	        prod_img,   prod_totalstock,  prod_insdate,   prod_properstock,  prod_size,  prod_color,   prod_delivery,
	        prod_unit,  prod_qtyin,   prod_qtysale, prod_mileage,
	        LPROD_NM,
	        BUYER_NAME,BUYER_ADD1, BUYER_CHARGER,
	        CARTVIEW.*
	from  PRODVIEW LEFT OUTER JOIN CARTVIEW ON (PROD_ID=CART_PROD)
	WHERE PROD_ID = #{prodId}
	</select>



</mapper>