<?xml version="1.0" encoding="UTF-8"?>
<!DOCTYPE mapper PUBLIC "-//mybatis.org//DTD Mapper 3.0//EN" "http://mybatis.org/dtd/mybatis-3-mapper.dtd">
<mapper namespace="kr.or.ddit.prod.dao.OthersDAO">


	<!--  public List<Map<String, Object>> selectprodList();  -->
	<select id="selectLprodList" resultType="hashmap">
		SELECT LPROD_GU "lprodGu", LPROD_NM "lprodNm"
		FROM LPROD
	</select>
	
	<!-- public List<BuyerVO> selectBuyerList(@Param("buyerLgu")String buyerLgu);  -->
	<select id="selectBuyerList" parameterType="string"  resultType="BuyerVO">
		SELECT BUYER_NAME, BUYER_ID, BUYER_LGU
		FROM BUYER
		<where>
			<if test="@org.apache.commons.lang3.StringUtils@isNotBlank(buyerLgu)"> <!--  파라미터 하나가 전달이 됐으면   이거 실행하고 안넘어왔다 그럼 전체 검색 -->
				BUYER_LGU = #{buyerLgu}
			</if>
		</where>
	</select>






</mapper>