<?xml version="1.0" encoding="UTF-8"?>
<beans xmlns="http://www.springframework.org/schema/beans"
	xmlns:xsi="http://www.w3.org/2001/XMLSchema-instance"
	xmlns:c="http://www.springframework.org/schema/c"
	xmlns:context="http://www.springframework.org/schema/context"
	xmlns:p="http://www.springframework.org/schema/p"
	xmlns:util="http://www.springframework.org/schema/util"
	xsi:schemaLocation="http://www.springframework.org/schema/beans http://www.springframework.org/schema/beans/spring-beans.xsd
		http://www.springframework.org/schema/context http://www.springframework.org/schema/context/spring-context-4.3.xsd
		http://www.springframework.org/schema/util http://www.springframework.org/schema/util/spring-util-4.3.xsd">

	<!--  dbInfo.properties 파일 읽어오기 방식 두개  -->


	<!--   방법1 -->
	<!-- bean 등록하기   -->
	<!-- 총 10개의 엔트리가 있음 PROPERTIES파일 내부에 8개 있고 VALUE1,2 집어넣었으니까 총 10개  -->
	<util:properties id="dbInfo" location="classpath:kr/or/ddit/dbInfo.properties">
		<prop key="key1">value1</prop>
		<prop key="key2">value2</prop>
	</util:properties>

	<!--p:driverClassName이라는 이름으로 등록된 bean이 없기 때문에 -ref쓸수 없음   -->
	<!--dbInfo['maindb.driverClassName'] => dbInfo안에 있는 maindb.driverClassName  -->
	<bean id="dbInfo1" class="kr.or.ddit.di.DBInfoVO" 
		p:driverClassName="#{dbInfo['maindb.driverClassName']}"
		p:url="#{dbInfo['maindb.url']}"
		p:user="#{dbInfo['maindb.user']}"
		p:password="#{dbInfo['maindb.password']}"
		p:initialSize="#{dbInfo.initialSize * 3}"
		p:maxTotal="#{dbInfo.maxTotal}"
		p:maxIdle="#{dbInfo.maxIdle}"
		p:maxWait="#{dbInfo.maxWait}"
	/>

    <!-- //////////////////////////////////////////////////////////////////////////////// -->
	
	
	<!-- 방법2 -->
	<!-- 기존의 PropertySource에 추가 프로퍼티들을 편입하는 구조 -->
	<context:property-placeholder location="classpath:kr/or/ddit/dbInfo.properties" />
	<bean id="dbInfo2" class="kr.or.ddit.di.DBInfoVO" 
		p:driverClassName="${maindb.driverClassName}"
		p:url="${maindb.url}"
		p:user="${maindb.user}"
		p:password="${maindb.password}"
		p:initialSize="${initialSize}"
		p:maxTotal="${maxTotal}"
		p:maxIdle="${maxIdle}"
		p:maxWait="${maxWait}"
	/>


</beans>
