<?xml version="1.0" encoding="UTF-8"?>
<!DOCTYPE mapper PUBLIC "-//mybatis.org//DTD Mapper 3.0//EN" "http://mybatis.org/dtd/mybatis-3-mapper.dtd">
<mapper namespace="kr.or.ddit.prod.dao.ProdDAO">




	<sql id="searchFrag">
		<trim prefix=" WHERE " prefixOverrides="AND">
			    <if test="detailCondition neq null">
			    	<if test="@org.apache.commons.lang3.StringUtils@isNotBlank(detailCondition.prodLgu)">
			    		AND PROD_LGU = #{detailCondition.prodLgu}
			    	</if>
			    	<if test="@org.apache.commons.lang3.StringUtils@isNotBlank(detailCondition.prodBuyer)">
			    		AND PROD_BUYER = #{detailCondition.prodBuyer}
			    	</if>
			    	<if test="@org.apache.commons.lang3.StringUtils@isNotBlank(detailCondition.prodName)">
			    		AND INSTR(PROD_NAME, #{detailCondition.prodName}) > 0
			    	</if>
			    </if>
		  </trim>	
	</sql>


	<select id="selectTotalRecord" parameterType="PagingVO" resultType="int">
		SELECT COUNT(*)
		FROM PRODVIEW
		<!-- 상세 검색 조건 만들기   --> 
		<!--  prefixOverrides="AND" => 무조건 잘못들어간 AND 는 자동으로 삭제 : 셋 중에 하나는 검색안할 수 도 있으니까 일단 AND E다 넣어두고 만약 검색조건 없다면 자동으로 AND 없애주기   -->
		<include refid="searchFrag" />
<!-- 		<trim prefix=" WHERE " prefixOverrides="AND">
			    <if test="detailCondition neq null">
			    	<if test="@org.apache.commons.lang3.StringUtils@isNotBlank(detailCondition.prodLgu)">
			    		AND PROD_LGU = #{detailCondition.prodLgu}
			    	</if>
			    	<if test="@org.apache.commons.lang3.StringUtils@isNotBlank(detailCondition.prodBuyer)">
			    		AND PROD_BUYER = #{detailCondition.prodBuyer}
			    	</if>
			    	<if test="@org.apache.commons.lang3.StringUtils@isNotBlank(detailCondition.prodName)">
			    		AND INSTR(PROD_NAME, #{detailCondition.prodName}) > 0
			    	</if>
			    </if>
		  </trim> -->
	</select>

	<select id="selectProdList" parameterType="PagingVO"   resultType="ProdVO">
		WITH ORDEREDPROD AS (
	    SELECT PROD_ID, PROD_NAME, PROD_COST, PROD_PRICE
	           , LPROD_NM, BUYER_NAME "buyer.buyerName"
	           , ( 
	            SELECT COUNT(DISTINCT CART_MEMBER) FROM CART  
	            WHERE CART_PROD = PROD_ID
	           ) MEM_COUNT
		    FROM PRODVIEW
		    <!-- 검색조건  -->
		    <!-- prefixOverrides => sql문에 뭐 하나 잘못 들어갔을 경우 자동으로 삭제 할 수 있음  -->
		   	<include refid="searchFrag" />
		    ORDER BY PROD_LGU, ROWID DESC 
		)
		SELECT A.*
		FROM (
		    SELECT ROWNUM RNUM, ORDEREDPROD.*  
		    FROM ORDEREDPROD
		) A
		WHERE RNUM BETWEEN #{startRow} AND #{endRow}
	</select>
	

	<!-- resultMap="prodMap" == id="prodMap" -->
	<resultMap type="ProdVO" id="prodMap" autoMapping="true">
		<id property="prodId"  column="prod_id" /> 
		<association property="buyer" javaType="BuyerVO" autoMapping="true"></association><!-- 1:1 => BUYER_NAME,BUYER_ADD1, BUYER_CHARGER를 받을 수 있는 구조 완성 --> 
		<collection property="memberSet" ofType="MemberVO" autoMapping="true">
			<id property="memId"  column="MEM_ID" />
		
		</collection>
	</resultMap>


	<select id="selectProd" parameterType="string" resultMap="prodMap">
	WITH CARTVIEW AS (
	    SELECT CART_PROD
	        , MEM_ID, MEM_NAME, MEM_HP, MEM_MAIL, MEM_MILEAGE
	    FROM CART INNER JOIN MEMBER  ON (CART_MEMBER = MEM_ID)
	)
	select 
	        prod_id,  prod_name,    prod_lgu,
	        prod_buyer,  prod_cost,  prod_price,   prod_sale,   prod_outline, prod_detail,
	        prod_img,   prod_totalstock,  prod_insdate,   prod_properstock,  prod_size,  prod_color,   prod_delivery,
	        prod_unit,  prod_qtyin,   prod_qtysale, prod_mileage,
	        LPROD_NM,
	        BUYER_NAME,BUYER_ADD1, BUYER_CHARGER,
	        CARTVIEW.*
	from  PRODVIEW LEFT OUTER JOIN CARTVIEW ON (PROD_ID=CART_PROD)
	WHERE PROD_ID = #{prodId}
	</select>


</mapper>